year,n_filings,ai_disclosure_rate,mean_ai_freq,mean_ai_density,has_llm
2018,7,0.14285714285714285,0.14285714285714285,0.015133011605506601,0
2019,7,0.2857142857142857,0.42857142857142855,0.37582612436059304,0
2020,6,0.16666666666666666,0.16666666666666666,0.08328336331534412,0
2021,6,0.3333333333333333,0.8333333333333334,0.35454702308083497,0
2022,6,0.3333333333333333,0.6666666666666666,0.2851032892047208,0
2023,7,0.5714285714285714,1.7142857142857142,0.664437354489501,0
2024,6,0.5,5.166666666666667,2.2292200396532666,1
2025,5,0.6,5.4,1.466067915309424,1
