industry,n_filings,ai_disclosure_rate,mean_ai_density
Business Services,7,0.42857142857142855,1.6860349103521304
Financial Services,8,0.875,1.543941403166764
Insurance,27,0.25925925925925924,0.27851538684269694
Utilities,8,0.125,0.09466828233868525
