model,n_obs,year_coef,year_pval,r_squared
Substantive_Ratio ~ Year + Controls (OLS),2107,0.026435451577099173,8.33194559504115e-18,0.11440463658019506
log(AI_Count+1) ~ Year + Controls (OLS),2107,0.09692567302821982,2.4825928124890636e-17,0.12132244890064081
Sub_Density ~ Year + Controls,2107,0.026435451577099173,8.33194559504115e-18,0.11440463658019506
log(AI_Count) ~ Year + Controls + Firm FE,2082,0.1082130865653298,1.4768327210328768e-32,0.7070410743464446
