model,key_coef,key_pval,n_obs,r_squared,pseudo_r_squared,key_coef_year,key_pval_year,key_coef_len,key_pval_len,key_coef_llm,key_pval_llm
AI_Density ~ Year (pooled OLS),0.24440417356278019,0.014314939116858518,50,0.15465001341918228,,,,,,,
AI_Density ~ Year + Firm FE,0.24638837111544987,0.014163536366665421,50,0.41489780237939555,,,,,,,
AI_Disclosure ~ Year (Logit),0.3009684114737358,0.034762377292464126,50,,0.07524630349305772,,,,,,
AI_Density ~ Industry + Year,0.25317800515413447,0.013127257125020862,50,0.3659209933473767,,,,,,,
AI_Density ~ log(text_len) + Year + Firm FE,,,50,0.4185760200968853,,0.24236243851065153,0.018712339517612215,-0.18728426457703184,0.7236082644666625,,
AI_Density ~ Has_LLM + Year + Firm FE,,,50,0.7185488241721625,,,,,,4.408004348820137,0.26070937661365534
